{".env":[".env"],"assets/icons/.DS_Store":["assets/icons/.DS_Store"],"assets/icons/Documents.svg":["assets/icons/Documents.svg"],"assets/icons/Figma_file.svg":["assets/icons/Figma_file.svg"],"assets/icons/Login.svg":["assets/icons/Login.svg"],"assets/icons/Password.svg":["assets/icons/Password.svg"],"assets/icons/Search.svg":["assets/icons/Search.svg"],"assets/icons/Sembunyikan.svg":["assets/icons/Sembunyikan.svg"],"assets/icons/Tampilkan.svg":["assets/icons/Tampilkan.svg"],"assets/icons/Username.svg":["assets/icons/Username.svg"],"assets/icons/__Login.svg":["assets/icons/__Login.svg"],"assets/icons/__Password.svg":["assets/icons/__Password.svg"],"assets/icons/__Sembunyikan.svg":["assets/icons/__Sembunyikan.svg"],"assets/icons/__Tampilkan.svg":["assets/icons/__Tampilkan.svg"],"assets/icons/__Username.svg":["assets/icons/__Username.svg"],"assets/icons/doc_file.svg":["assets/icons/doc_file.svg"],"assets/icons/drop_box.svg":["assets/icons/drop_box.svg"],"assets/icons/excle_file.svg":["assets/icons/excle_file.svg"],"assets/icons/folder.svg":["assets/icons/folder.svg"],"assets/icons/google_drive.svg":["assets/icons/google_drive.svg"],"assets/icons/logo.svg":["assets/icons/logo.svg"],"assets/icons/media.svg":["assets/icons/media.svg"],"assets/icons/media_file.svg":["assets/icons/media_file.svg"],"assets/icons/menu_dashbord.svg":["assets/icons/menu_dashbord.svg"],"assets/icons/menu_doc.svg":["assets/icons/menu_doc.svg"],"assets/icons/menu_notification.svg":["assets/icons/menu_notification.svg"],"assets/icons/menu_profile.svg":["assets/icons/menu_profile.svg"],"assets/icons/menu_setting.svg":["assets/icons/menu_setting.svg"],"assets/icons/menu_store.svg":["assets/icons/menu_store.svg"],"assets/icons/menu_task.svg":["assets/icons/menu_task.svg"],"assets/icons/menu_tran.svg":["assets/icons/menu_tran.svg"],"assets/icons/one_drive.svg":["assets/icons/one_drive.svg"],"assets/icons/pdf_file.svg":["assets/icons/pdf_file.svg"],"assets/icons/sound_file.svg":["assets/icons/sound_file.svg"],"assets/icons/unknown.svg":["assets/icons/unknown.svg"],"assets/icons/xd_file.svg":["assets/icons/xd_file.svg"],"assets/images/gold_logo.svg":["assets/images/gold_logo.svg"],"assets/images/logo.png":["assets/images/logo.png"],"assets/images/profile_pic.png":["assets/images/profile_pic.png"],"packages/cupertino_icons/assets/CupertinoIcons.ttf":["packages/cupertino_icons/assets/CupertinoIcons.ttf"],"packages/flex_color_picker/assets/opacity.png":["packages/flex_color_picker/assets/opacity.png"],"packages/flutter_inappwebview/assets/t_rex_runner/t-rex.css":["packages/flutter_inappwebview/assets/t_rex_runner/t-rex.css"],"packages/flutter_inappwebview/assets/t_rex_runner/t-rex.html":["packages/flutter_inappwebview/assets/t_rex_runner/t-rex.html"],"packages/fluttertoast/assets/toastify.css":["packages/fluttertoast/assets/toastify.css"],"packages/fluttertoast/assets/toastify.js":["packages/fluttertoast/assets/toastify.js"],"packages/html_editor_enhanced/assets/font/summernote.eot":["packages/html_editor_enhanced/assets/font/summernote.eot"],"packages/html_editor_enhanced/assets/font/summernote.ttf":["packages/html_editor_enhanced/assets/font/summernote.ttf"],"packages/html_editor_enhanced/assets/font/summernote.woff":["packages/html_editor_enhanced/assets/font/summernote.woff"],"packages/html_editor_enhanced/assets/font/summernote.woff2":["packages/html_editor_enhanced/assets/font/summernote.woff2"],"packages/html_editor_enhanced/assets/plugins/summernote-at-mention/summernote-at-mention.js":["packages/html_editor_enhanced/assets/plugins/summernote-at-mention/summernote-at-mention.js"],"packages/html_editor_enhanced/jquery.min.js":["packages/html_editor_enhanced/assets/jquery.min.js"],"packages/html_editor_enhanced/summernote-lite-dark.css":["packages/html_editor_enhanced/assets/summernote-lite-dark.css"],"packages/html_editor_enhanced/summernote-lite.min.css":["packages/html_editor_enhanced/assets/summernote-lite.min.css"],"packages/html_editor_enhanced/summernote-lite.min.js":["packages/html_editor_enhanced/assets/summernote-lite.min.js"],"packages/html_editor_enhanced/summernote-no-plugins.html":["packages/html_editor_enhanced/assets/summernote-no-plugins.html"],"packages/html_editor_enhanced/summernote.html":["packages/html_editor_enhanced/assets/summernote.html"]}